user_id,name,email,phone,signup_date
1,Triya Rattan,ekapadmohan@example.org,+917097361463,2023-08-13
2,Yatan Gulati,sanya53@example.net,1831560397,2021-09-22
3,Yachana Srivastava,megha21@example.net,8109722158,2024-01-29
4,Harrison Deo,udevan@example.net,2502278507,2021-01-30
5,Jatin Sastry,jeevikamagar@example.com,00293211984,2023-02-22
6,Ekbal Bawa,irya23@example.org,04700498548,2021-05-07
7,Aarna Raj,darsh14@example.com,8703368603,2021-02-18
8,Warjas Zacharia,manbirray@example.com,+914614827569,2025-01-20
9,Michael Iyer,rohan65@example.org,6190011907,2024-03-18
10,Akshay Sanghvi,kbalay@example.org,07260714323,2024-12-20
11,Nitesh Bhargava,haritachander@example.org,03422940656,2021-05-30
12,Tristan Dey,quincysinha@example.net,8776598276,2025-01-03
13,Abhiram Chaudhuri,wahabpalla@example.net,+914668170832,2023-06-28
14,Hemal Rao,pratyush44@example.com,00422612825,2021-01-29
15,Dominic Gokhale,munshidalaja@example.org,+916621611461,2022-12-28
16,Vritti Mitra,gayathri19@example.net,5755694622,2025-01-05
17,Jai Chanda,vedhika73@example.com,02687019222,2021-09-24
18,Ati Narain,urmi10@example.org,09208306771,2021-06-25
19,Harshil Toor,abhiram52@example.net,03140727512,2023-04-19
20,Tanveer Singh,sanyawason@example.com,04780244532,2024-09-19
21,Isaac Gulati,tanvi42@example.org,03685648871,2025-05-20
22,Bimala Bahl,arinsibal@example.net,00743521246,2020-11-11
23,Reyansh Vyas,ggupta@example.com,+916666239202,2021-03-06
24,Edhitha Patil,ishanvi15@example.com,+912772618776,2023-05-01
25,Advika Bal,gouraayush@example.org,+910372183587,2021-08-17
26,Siya Bava,wkohli@example.net,8492135664,2025-03-26
27,Nitara Mohanty,arunima62@example.org,08122569670,2025-08-12
28,Aditya Bajaj,gavinbal@example.org,+919137602701,2020-10-06
29,Upkaar Ray,dthaman@example.net,05688754800,2022-02-16
30,Megha Lata,aahanadutta@example.org,04381577584,2024-05-18
31,Chatresh Deol,geetikaluthra@example.net,+914821969652,2024-04-18
32,Tejas Mandal,samarth78@example.net,08901193287,2023-02-22
33,Gavin Sankaran,ishwar43@example.org,0005083285,2021-03-28
34,Nitara Mangat,ekapadpall@example.com,9614182895,2023-12-17
35,Samuel Patla,yuvraj60@example.com,+914376371683,2023-06-01
36,Elijah Ravel,chaitalyvig@example.com,5048980133,2023-04-28
37,Vidhi Boase,chandresh69@example.org,4076185609,2023-12-10
38,Vasatika Biswas,ogupta@example.net,08211706102,2024-12-18
39,Dhriti Magar,nadkarniyahvi@example.com,+918633240093,2024-02-20
40,Luke Sabharwal,farasverma@example.org,09305901291,2023-04-14
41,Hema Chhabra,ujoshi@example.org,01317389362,2021-12-04
42,Lila Sachdeva,khannanidhi@example.com,+911797204590,2024-11-06
43,Nikita Goswami,waliqabil@example.net,02285392473,2021-03-09
44,Hemal Vyas,krishnamurthychavvi@example.net,+911272961247,2020-09-11
45,Hitesh Ratti,obakshi@example.com,01627207979,2022-04-21
46,Siya Deol,qwali@example.net,4645026971,2020-10-01
47,Nidra Zacharia,sahluwalia@example.net,1630456436,2022-11-14
48,Sara Desai,sudikshatata@example.org,4061683067,2022-11-16
49,Mohammed Subramanian,mukherjeeraksha@example.org,03078610005,2023-10-19
50,Pahal Manne,ojaskarnik@example.net,+913477884631,2022-06-10
51,Baghyawati Tiwari,chaitalyparekh@example.com,+913437885298,2022-12-08
52,Harini Varkey,neelima66@example.org,+915869833823,2021-03-24
53,Teerth Pingle,htandon@example.org,2269760842,2022-03-07
54,Ekapad Narang,kapurdamyanti@example.org,+912430477572,2022-09-21
55,Yuvraj Pingle,vrittidixit@example.com,+917093385538,2020-12-31
56,Lucky Chander,gkoshy@example.com,8772507027,2025-08-12
57,Ekta Bera,farisdada@example.net,0410446346,2022-09-10
58,Jagat Kalita,prasadbrinda@example.org,08125179275,2022-05-28
59,Rachit Dhillon,charvi05@example.com,+912571562778,2022-05-09
60,Zilmil Bumb,bprakash@example.net,4466448534,2022-08-22
61,Tanveer Malhotra,inatarajan@example.org,0795051613,2023-10-13
62,Bhavna Sabharwal,henrybuch@example.net,9692977176,2021-01-26
63,Amol Vora,vkuruvilla@example.org,+917930422961,2021-06-19
64,Arunima Morar,bhanumatibakshi@example.org,+918920646620,2024-03-27
65,Xalak Patla,zgokhale@example.org,00752462453,2023-06-15
66,Yatin Patla,kwason@example.net,1752388488,2021-08-23
67,Dominic Sawhney,borahgagan@example.com,+914365751428,2022-07-10
68,Jai Ahuja,kkuruvilla@example.org,05724526804,2025-07-03
69,Meera Kohli,ravelfalak@example.org,0923758852,2023-03-15
70,Aarna Nayar,hbhagat@example.net,5810349954,2023-12-07
71,Ekalinga Tara,januja27@example.org,08585324463,2021-05-04
72,Rehaan Sekhon,csavant@example.com,05909138092,2020-10-03
73,Laban Dani,isaiah64@example.org,+917392001040,2022-11-21
74,Triya Setty,dekashish@example.com,08507833862,2020-11-23
75,Ekta Ganesh,advay85@example.org,05200770929,2024-01-27
76,Harini Sekhon,jacobkala@example.com,4568608162,2022-03-21
77,Viraj Arya,indali12@example.com,03450085735,2021-01-24
78,Yuvraj Comar,shravyakapur@example.net,+915434602276,2025-09-04
79,Harini Dhaliwal,chamelidani@example.net,+916864735433,2025-03-13
80,Ridhi Setty,choprazashil@example.net,8035392783,2024-11-06
81,Harshil Sani,pnarayan@example.com,8814262950,2022-07-10
82,Chandresh Ben,banjeet30@example.net,9921947490,2023-05-12
83,Warjas Ganguly,anshdubey@example.com,0450611868,2025-02-12
84,Qabil Panchal,mitterisaiah@example.org,01212338527,2025-08-13
85,Aadhya Munshi,parsavarenya@example.net,9854857354,2024-08-09
86,Nirja Vig,finnsarin@example.org,5352796783,2021-11-22
87,Anjali Chana,advik89@example.org,+914042484740,2024-12-11
88,Charvi Bajwa,ragarwal@example.net,+913826866644,2023-05-17
89,Jack Madan,pgandhi@example.com,02986967075,2021-05-26
90,Hemang Shetty,bhasinronith@example.net,8092819725,2020-11-28
91,Ishaan Ram,urmisinghal@example.com,+918035778322,2025-05-07
92,Sarthak Narayanan,zmitra@example.com,+910440307493,2025-03-05
93,Urmi Aurora,karan13@example.net,+918958440968,2021-11-28
94,Dominic Ratti,jatin64@example.org,+918599920629,2024-05-12
95,Pushti Bava,sanghvitriveni@example.com,3009133293,2023-10-07
96,Oscar Lad,ksethi@example.com,+915111457511,2020-12-16
97,Dalbir Maharaj,deepadani@example.com,06072877566,2021-09-10
98,Gopal Bir,vyanjana64@example.org,8154628145,2024-07-28
99,Logan Sarin,chameli33@example.net,2450655115,2021-02-15
100,Ucchal Andra,apathak@example.org,03182738753,2021-11-20
101,Ishanvi Dave,niharikashan@example.com,09777994212,2024-07-20
102,Daksh Bandi,sibalhema@example.com,05277358878,2021-02-26
103,Mason Rajagopalan,tchander@example.com,4364847869,2022-02-11
104,Vaishnavi Srinivasan,ldoshi@example.org,1703202054,2022-12-18
105,Amaira Ravi,cgrover@example.org,6761712015,2023-12-22
106,Luke Ganguly,aarinisuresh@example.org,+910017986989,2023-04-12
107,Dominic Pingle,adugar@example.org,1216556267,2023-10-11
108,Libni Yogi,schopra@example.com,09794675040,2025-08-01
109,Qushi Sarkar,rvenkatesh@example.net,2950221429,2021-07-08
110,Darpan Srinivasan,qswamy@example.net,+910155781054,2024-04-30
111,Nihal Ganguly,atharvyadav@example.org,05322252217,2022-01-07
112,Oliver Mishra,eeshamammen@example.net,+911387013268,2023-07-27
113,Tanmayi Nayak,chaman19@example.org,+917748794862,2022-02-02
114,Anamika Kumar,fchacko@example.net,+914421600472,2023-10-25
115,Harish Chaudhari,warjastank@example.net,03486590820,2021-07-13
116,Madhavi Rajagopalan,benjaminsibal@example.org,+916548400814,2021-01-26
117,Aditya Mittal,sunderchameli@example.net,08605287718,2021-08-09
118,Maya Dugar,abeer68@example.net,+913045525752,2021-01-17
119,Amruta Kuruvilla,npalla@example.org,+914407522505,2025-04-30
120,Idika Lata,peter09@example.org,4112818700,2021-07-09
121,Hemang Uppal,misraranbir@example.org,02397908677,2023-01-09
122,Bhavani Bora,gautamramachandran@example.org,+910391251059,2023-05-29
123,Radhika Swaminathan,atandon@example.org,1234498813,2024-02-12
124,Mugdha Maharaj,bahadurjit48@example.com,9131612687,2025-06-02
125,Isha Gara,reva30@example.org,06633038348,2021-02-12
126,Dhruv Gill,tristan14@example.org,+911277558879,2022-07-16
127,Mitesh Dugal,aditya90@example.org,01622131945,2020-09-22
128,Omaja Dhar,kothariwilliam@example.org,3103573119,2021-03-28
129,Pranit Trivedi,kashish86@example.net,+913642369701,2025-05-03
130,Samarth Mohanty,zkapadia@example.org,06517694352,2022-02-10
131,Nikita Savant,qhayre@example.net,+919459195619,2021-10-25
132,Peter Garde,caleb21@example.net,05785052648,2022-11-16
133,Frado Shah,sai69@example.net,04623690162,2021-05-26
134,Tripti Patla,peter69@example.net,04269615353,2022-06-12
135,Sneha Prabhu,rakshadhillon@example.net,9552055960,2020-11-04
136,Victor Mitter,xsetty@example.org,+917450351438,2021-05-30
137,Tripti Dyal,wakeeta44@example.org,03668384802,2021-09-07
138,Sudiksha Krishnan,mannanindrajit@example.com,0365737729,2022-07-24
139,Chaitaly Goda,chauhandarpan@example.org,8564830229,2023-01-28
140,Ekaja Mannan,widisha05@example.com,05240480367,2022-05-28
141,Rachana Chaudry,abdulpuri@example.org,+916383089646,2021-08-29
142,Vrishti Raja,zbrahmbhatt@example.org,+911662256777,2025-01-25
143,Atharv Sane,akshay51@example.net,+911737247986,2021-06-07
144,Chaaya Lalla,parmardalaja@example.org,04954237545,2024-10-06
145,Zayyan Sant,yoshitanayak@example.com,02250158702,2023-12-14
146,Dayita Dhawan,avnidara@example.com,00739725398,2024-04-14
147,Udyati Dua,wakeeta70@example.org,05836288515,2022-06-01
148,Alka Sane,onveer72@example.net,+910315135728,2023-04-12
149,Wakeeta Sachdeva,schawla@example.org,+913817153179,2022-04-23
150,Upkaar Pal,nathanchaudhry@example.com,9743992140,2023-06-05
151,Lopa Chaudhari,karannihal@example.org,06728685973,2021-08-29
152,Balendra Gade,pbaria@example.com,+911208085547,2023-02-21
153,Arya Iyer,lohitloyal@example.org,+914660825821,2021-12-23
154,Yutika Kala,vaggarwal@example.com,5969508196,2021-05-14
155,Patrick Om,rudra13@example.org,9976677297,2023-05-23
156,Yashodhara Tara,yagnesh24@example.net,+917668847104,2022-12-05
157,Urvi Devi,jayaramantamanna@example.net,+910335024994,2025-05-06
158,Faras Krish,sridhardipta@example.net,9882048892,2024-03-12
159,Barkha Kohli,emannan@example.com,06675633288,2024-06-07
160,Indira Oak,pandyapahal@example.org,6110525190,2023-08-27
161,Chanakya Ranganathan,lekha42@example.com,+912315323044,2022-08-08
162,Samaksh Modi,vedhika26@example.org,+912222747101,2023-06-08
163,Dalbir Karnik,niteshmadan@example.com,09062271798,2022-03-19
164,Isaiah Bhagat,hemapatil@example.org,7001703583,2020-09-25
165,Teerth Chadha,udyatilad@example.org,7435623859,2023-12-01
166,Ishaan Ghosh,ekiyaranganathan@example.org,7304197260,2023-01-12
167,Damyanti Sastry,duaarya@example.net,+911089638187,2022-08-11
168,Nikita Puri,anjali57@example.org,05024743789,2022-04-21
169,Bishakha Apte,xwalla@example.com,03870065400,2022-10-22
170,Bhavika Dugar,maharajirya@example.net,5113350639,2024-01-29
171,Indali Bandi,yatanghose@example.com,03715547228,2022-06-15
172,Yashoda Kaur,osandal@example.org,9344101602,2024-08-12
173,Ekaja Gade,jnayak@example.com,02069308238,2022-06-04
174,Saksham Bhatt,nkhurana@example.org,+911512470467,2023-01-01
175,Wishi Devi,chakradev00@example.net,00072319114,2021-07-14
176,Benjamin Tailor,auroraadvay@example.net,+913215155994,2022-10-31
177,Hema Chahal,vvora@example.net,06318591476,2021-03-24
178,Vaishnavi Dey,lavanya04@example.org,1685205781,2024-03-27
179,Krish Mani,koshyorinder@example.org,05246979972,2025-04-25
180,Fitan Date,reyansh88@example.org,0090850593,2023-06-03
181,Qasim Pingle,mallveer@example.com,+913105114595,2021-04-22
182,Zaid Mutti,emutti@example.com,05445052194,2024-07-06
183,Aradhana Memon,prisha97@example.org,05284501771,2024-06-13
184,Hamsini Pai,nitarasehgal@example.org,02774612884,2022-08-02
185,Brinda Hayer,ishwar34@example.com,+917869378624,2023-12-09
186,Zansi Bahri,chakrikagour@example.org,7439717254,2020-11-14
187,Urmi Mandal,deepabiswas@example.com,+919027792228,2021-11-02
188,Liam Contractor,arinshenoy@example.org,+916397005334,2021-02-16
189,Edhitha Mani,onikeer@example.net,5896887437,2024-03-08
190,Inaya Das,rushil57@example.net,+916974307648,2021-08-14
191,Dakshesh Nagy,jacobchaudhry@example.net,00108126941,2021-12-22
192,Vrinda Borah,farasmadan@example.net,1552845444,2022-12-07
193,Gautam Rai,gshah@example.net,+916050784884,2025-02-01
194,Bachittar Borah,owen37@example.com,0558996156,2021-01-19
195,Harini Datta,raghavananamika@example.net,6956520241,2025-04-25
196,Jatin Dass,aishani81@example.com,3875252185,2022-06-12
197,Vidhi Sane,fsandal@example.com,+916405751876,2023-01-21
198,Jacob Barad,zarora@example.org,+910282228767,2025-05-03
199,Darpan Oza,abehl@example.net,05386661337,2025-02-27
200,Radhika Badal,ramakrishnanchaman@example.net,1829173201,2025-03-20
